Model,Feature_Set,Mean_CV_RMSE,Mean_CV_MAE,Mean_CV_R2,Mean_CV_MAPE_pct,Pooled_R2,Pooled_RMSE,Fold_1_MAE,Fold_2_MAE,Fold_3_MAE,Fold_4_MAE,Fold_5_MAE
Baseline (Train Window Mean),None,7.8733,7.3872,-8.3733,19.29,-0.9028,8.3216,3.568,4.8026,9.3749,9.7538,9.4369
Baseline (Persistence gen_lag1),gen_lag1,3.6579,2.753,-0.2906,8.05,0.6098,3.7686,2.1179,3.3435,3.3289,2.9732,2.0012
Ridge,Set B,4.033,3.2697,-0.2718,10.18,0.4889,4.313,2.9794,5.0875,4.1177,2.6702,1.494
Ridge,Set A,4.6055,3.9409,-0.7037,11.54,0.3602,4.8253,3.9575,5.1837,5.8635,2.5415,2.158
Ridge,Set C,4.2048,3.4287,-0.4019,10.71,0.4546,4.455,3.5615,4.918,4.5639,2.6585,1.4416
Huber_Robust,Set A,4.2335,3.6121,-0.4237,10.89,0.4573,4.4442,3.6201,5.1299,4.7543,2.6723,1.8837
Huber_Robust,Set B,4.0404,3.2162,-0.2778,10.12,0.486,4.3248,2.6565,5.0706,4.1876,2.9008,1.2653
GradientBoosting,Set B,5.3419,4.5123,-1.2474,12.91,0.0247,5.9577,4.0918,4.0544,9.3564,2.5585,2.5002
RandomForest,Set B,4.6637,3.9091,-0.6735,11.22,0.2772,5.1287,3.943,3.8875,7.66,2.2314,1.8236
ExtraTrees,Set B,4.6022,3.9415,-0.6787,11.22,0.3162,4.9885,3.8483,4.062,7.3095,2.1987,2.289
XGBoost_d1,Set B,4.9921,4.2749,-0.9502,12.14,0.1217,5.6536,4.1271,3.7985,9.1207,1.8512,2.4772
XGBoost_d2,Set B,5.4325,4.5588,-1.2852,12.8,-0.0879,6.2922,4.4209,3.6357,10.4699,2.2418,2.0256
XGBoost_d3,Set B,5.5541,4.6257,-1.4075,12.99,-0.1771,6.545,4.3817,3.7492,11.0071,2.0862,1.9046
XGBoost_linear,Set B,4.3893,3.6444,-0.576,10.93,0.4099,4.6343,4.2575,4.8646,4.8808,2.3475,1.8716
Ridge,Set D,3.4597,2.8043,-0.0805,8.56,0.6517,3.5603,2.9504,3.8774,2.8602,2.6323,1.7013
