date,generation_kwh,consumption_kwh,grid_feed_in_kwh,grid_purchase_kwh,charge_kwh,discharge_kwh
2026-02-01,0.644,6.366083333333333,0.0095,0.0065833333333333,0.0906666666666666,6.213916666666666
2026-02-02,23.84658333333333,23.46033333333333,0.0925833333333333,0.0282499999999999,14.10475,14.324166666666668
2026-02-03,26.952416666666664,23.0715,0.1149999999999999,0.074,16.495916666666666,13.07025
2026-02-04,25.966,25.731916666666667,0.05325,0.0303333333333333,14.770833333333332,15.051416666666666
2026-02-05,27.200416666666666,23.586666666666662,0.0979166666666666,0.0300833333333333,16.66825,13.44425
2026-02-06,21.91883333333333,20.234166666666667,0.011,0.00925,13.99925,12.61575
2026-02-07,22.46875,20.54475,0.0260833333333333,0.0041666666666666,15.313916666666666,13.621583333333334
2026-02-08,22.809083333333334,19.40325,0.038,0.0410833333333333,16.051333333333332,12.807833333333331
2026-02-09,21.935916666666667,17.78475,0.0489166666666666,0.0493333333333333,15.364583333333332,11.188416666666669
2026-02-10,19.859,19.70825,0.09025,0.0386666666666666,12.80175,12.861
2026-02-11,24.300416666666667,22.170916666666667,0.0495833333333333,0.0159166666666666,14.546833333333334,12.613333333333332
2026-02-12,21.36375,18.188666666666663,0.0252499999999999,0.0076666666666666,14.191333333333333,11.07875
2026-02-13,20.496916666666667,16.523416666666666,0.0265833333333333,0.01675,12.369166666666668,8.368166666666667
2026-02-14,16.381833333333333,17.036833333333334,0.05325,0.0507499999999999,10.219916666666666,10.926916666666669
2026-02-15,22.81975,25.13575,0.0649166666666666,0.0220833333333333,12.796083333333334,15.752166666666666
2026-02-16,28.603,26.407166666666665,0.0826666666666666,0.0494999999999999,17.60925,15.893666666666666
2026-02-17,28.801916666666667,25.442166666666665,0.0893333333333333,0.0179166666666666,17.905583333333333,14.963166666666666
2026-02-18,28.052166666666665,24.580166666666667,0.0979999999999999,0.0443333333333333,17.181833333333334,14.014833333333334
2026-02-19,25.39183333333333,23.56675,0.1235,0.0440833333333333,15.530916666666666,13.976333333333333
2026-02-20,27.29833333333333,23.967583333333334,0.0666666666666666,0.016,15.78525,12.681666666666668
2026-02-21,24.939666666666668,24.60233333333333,0.0678333333333333,0.01825,13.922,13.919416666666669
2026-02-22,27.896083333333333,26.5055,0.1048333333333333,0.0488333333333333,14.986916666666666,13.97225
2026-02-23,27.23208333333333,25.782666666666668,0.07825,0.01375,15.9545,14.973916666666666
2026-02-24,27.913916666666665,24.9905,0.0768333333333333,0.0100833333333333,16.521083333333333,13.83175
2026-02-25,28.285083333333333,28.243583333333333,0.0933333333333333,0.0206666666666666,15.444916666666666,15.912583333333332
2026-02-26,29.905666666666665,27.300083333333333,0.0874166666666666,0.04825,17.58675,15.349
2026-02-27,29.967916666666667,30.815,0.0987499999999999,1.8813333333333333,17.015916666666666,16.717916666666667
2026-02-28,32.31791666666667,28.718833333333333,0.1014166666666666,0.0560833333333333,18.89583333333333,15.70525
2026-03-01,29.56325,27.222,0.0551666666666666,0.0146666666666666,17.775166666666667,15.959833333333332
2026-03-02,31.820666666666664,30.196166666666667,0.0608333333333333,0.0485,17.249,16.161416666666668
2026-03-03,33.48,31.72575,0.1055833333333333,0.5295833333333333,18.430666666666667,16.666833333333333
2026-03-04,36.11441666666666,34.836166666666664,0.0645833333333333,1.1934166666666666,18.745166666666663,16.866416666666666
2026-03-05,32.614666666666665,29.20725,0.1335833333333333,0.0165,18.359583333333333,15.4265
2026-03-06,31.56033333333333,31.04833333333333,0.0595833333333333,0.0218333333333333,16.126416666666668,16.272166666666667
2026-03-07,34.1575,32.514583333333334,0.0745833333333333,0.2171666666666666,18.318583333333333,17.05775
2026-03-08,32.305416666666666,32.77883333333333,0.0664166666666666,3.5271666666666666,19.34133333333333,16.8335
2026-03-09,33.1175,29.94233333333333,0.1039166666666666,0.0050833333333333,18.82783333333333,16.022
2026-03-10,29.623166666666663,27.657916666666665,0.1353333333333333,0.04025,18.033416666666668,16.498666666666665
2026-03-11,31.645166666666665,29.76625,0.12725,0.6271666666666667,18.931,16.974833333333333
2026-03-12,33.6085,32.605333333333334,0.1098333333333333,1.48075,18.85333333333333,17.036416666666668
2026-03-13,29.460166666666662,22.749166666666667,0.094,0.0376666666666666,18.211416666666665,11.6765
2026-03-14,24.13283333333333,23.5745,0.0641666666666666,0.112,13.881583333333332,13.506666666666666
2026-03-15,25.82625,26.214666666666663,0.0928333333333333,0.0260833333333333,15.297083333333331,16.14925
2026-03-16,28.964,27.398,0.0990833333333333,0.02025,16.876833333333334,15.777416666666666
2026-03-17,31.38275,30.835083333333333,0.0875,0.8044166666666667,17.754916666666666,17.056083333333333
2026-03-18,31.62633333333333,28.45825,0.0665,0.082,19.533416666666668,16.800416666666667
2026-03-19,32.59433333333333,31.810666666666663,0.0920833333333333,2.1334166666666667,19.00225,16.846333333333334
2026-03-20,33.85366666666667,30.284916666666664,0.10975,0.0090833333333333,18.96058333333333,16.0095
2026-03-21,33.00375,31.938416666666665,0.0790833333333333,0.9105833333333332,17.994916666666665,16.60033333333333
2026-03-22,34.13641666666667,35.585166666666666,0.0895833333333333,3.643,18.885,17.507416666666668
2026-03-23,31.506083333333333,31.87725,0.1154999999999999,2.976833333333333,18.8045,16.922
2026-03-24,33.33558333333333,31.81675,0.103,0.7139166666666666,18.426666666666662,16.896
2026-03-25,35.294,35.563916666666664,0.0376666666666666,3.298583333333333,19.044666666666664,16.845583333333334
2026-03-26,37.47333333333333,37.08225,0.1556666666666666,2.5205,19.1625,17.103166666666667
2026-03-27,32.887166666666666,28.575333333333333,0.0695833333333333,0.01925,18.29508333333333,14.40475
2026-03-28,37.21216666666667,33.51466666666666,0.0428333333333333,0.02175,16.191416666666665,12.949666666666666
2026-03-29,24.874583333333334,24.014416666666666,0.0816666666666666,0.0245833333333333,14.80175,14.304166666666664
2026-03-30,24.619916666666665,16.034,0.0903333333333333,0.0169999999999999,15.241916666666668,6.323666666666666
2026-03-31,1.4063333333333332,6.851083333333333,0.0023333333333333,,0.6293333333333333,6.55075
2026-04-01,24.69333333333333,26.7495,0.0816666666666666,0.107,13.546166666666666,15.873083333333334
2026-04-02,27.95425,23.094916666666663,0.1185,0.023,17.74675,12.987583333333331
2026-04-03,26.33108333333333,23.879,0.0835833333333333,0.0290833333333333,15.540166666666666,13.239666666666666
2026-04-04,30.079166666666666,43.39966666666667,0.0736666666666666,11.753583333333331,15.1285,17.749416666666665
2026-04-05,39.949333333333335,45.58783333333333,0.04025,8.238999999999999,18.815666666666665,17.17675
2026-04-06,38.3465,42.6615,0.0401666666666666,6.687166666666666,18.95883333333333,17.476166666666668
2026-04-07,37.613416666666666,43.223,0.0489999999999999,8.339666666666666,19.11733333333333,17.17975
2026-04-08,41.88275,46.13041666666666,0.0499999999999999,7.529249999999999,19.533666666666665,17.076999999999998
2026-04-09,37.55683333333333,42.87308333333333,0.0198333333333333,6.819333333333333,18.239,17.463083333333334
2026-04-10,40.20066666666666,50.80316666666666,0.039,12.2115,18.405083333333334,17.717916666666667
2026-04-11,43.34758333333333,52.97691666666667,0.0265,14.305166666666668,17.385583333333333,13.614666666666666
2026-04-12,44.67341666666667,53.3965,0.02225,12.231583333333331,19.04275,16.533416666666668
2026-04-13,40.50233333333333,49.185,0.0594166666666666,10.51475,18.449,17.693166666666666
2026-04-14,42.59583333333333,44.24958333333333,0.0426666666666666,4.705,19.331916666666665,17.20883333333333
2026-04-15,41.133,46.45125,0.0351666666666666,7.887333333333333,18.887666666666664,17.28075
2026-04-16,41.436416666666666,47.82225,0.0370833333333333,8.870666666666667,17.471833333333333,15.911666666666664
2026-04-17,40.63341666666666,38.3955,0.0559166666666666,0.8767499999999999,19.14558333333333,16.86675
2026-04-18,40.547583333333336,34.906749999999995,0.0316666666666666,0.01575,18.60683333333333,13.431333333333331
2026-04-19,32.38375,33.813,0.0184166666666666,0.0194166666666666,14.483666666666666,16.64175
2026-04-20,41.67333333333333,40.27616666666667,0.0025,0.62325,18.156166666666667,16.820416666666667
2026-04-21,40.368833333333335,37.51208333333333,0.044,0.0048333333333333,18.19183333333333,15.948
2026-04-22,42.42283333333333,38.981,0.0289166666666666,0.0323333333333333,17.756999999999998,14.983833333333331
2026-04-23,41.0025,40.27875,0.0146666666666666,0.1530833333333333,16.063416666666665,15.987
2026-04-24,41.45308333333333,39.70025,0.0255,1.1661666666666666,15.94625,13.751916666666666
2026-04-25,42.72433333333333,38.20525,0.0416666666666666,0.1085833333333333,18.657,14.750666666666666
2026-04-26,41.29575,48.37975,0.0273333333333333,8.259166666666667,17.453083333333332,17.479
2026-04-27,41.85166666666667,42.13625,0.0207499999999999,2.1279166666666667,18.430666666666667,17.503999999999998
2026-04-28,36.64966666666667,40.636833333333335,0.0170833333333333,6.615916666666666,14.330416666666666,12.369416666666666
2026-04-29,40.93658333333333,37.76608333333333,0.0500833333333333,0.0026666666666666,18.70358333333333,16.107083333333332
2026-04-30,41.59275,40.062333333333335,0.0489166666666666,1.2534166666666666,19.282416666666663,17.256916666666665
2026-05-01,44.30075,43.95891666666667,0.0096666666666666,1.4014166666666663,18.19075,17.238166666666665
2026-05-02,42.26808333333333,37.81275,0.0043333333333333,0.0101666666666666,16.851666666666667,12.8175
