date,shortwave_radiation_sum,sunshine_duration,daylight_duration,cloud_cover_mean,temperature_2m_mean,relative_humidity_2m_mean,rain_sum,wind_speed_10m_mean,weather_code
2026-02-01,13.73,36000.0,39058.79,33,16.1,83,13.2,5.8,63
2026-02-02,11.79,27689.85,39142.01,69,15.2,89,0.0,5.2,3
2026-02-03,14.34,32116.05,39226.24,53,14.6,82,0.0,4.1,3
2026-02-04,15.82,36000.0,39311.4,20,15.0,77,0.0,6.3,3
2026-02-05,16.12,36000.0,39397.38,3,15.3,72,0.0,8.5,2
2026-02-06,16.12,36000.0,39484.1,0,16.3,68,0.0,9.2,0
2026-02-07,16.08,36000.0,39571.44,14,17.5,68,0.0,9.5,3
2026-02-08,16.62,36000.0,39659.34,31,16.7,62,0.0,7.5,3
2026-02-09,15.22,32184.4,39747.69,52,17.0,61,0.0,4.7,3
2026-02-10,16.28,36000.0,39836.41,16,18.8,60,0.0,4.9,3
2026-02-11,16.55,36062.89,39925.45,4,20.5,58,0.0,7.0,1
2026-02-12,17.21,36038.19,40015.58,30,18.9,54,0.0,7.9,3
2026-02-13,16.33,36013.68,40107.01,86,19.0,53,0.0,5.7,3
2026-02-14,17.25,36261.59,40199.66,33,19.8,52,0.0,6.4,3
2026-02-15,17.41,36508.76,40293.42,0,20.8,53,0.0,6.1,0
2026-02-16,17.41,36212.52,40388.2,3,21.9,50,0.0,4.7,2
2026-02-17,17.55,36459.16,40483.91,2,21.9,54,0.0,7.9,0
2026-02-18,9.27,11921.99,40580.45,89,18.9,73,0.9,4.0,51
2026-02-19,16.43,36140.48,40677.74,16,19.8,67,0.0,3.3,3
2026-02-20,17.72,36655.95,40775.67,0,21.0,64,0.0,5.4,0
2026-02-21,17.98,36900.86,40874.17,0,20.8,62,0.0,7.0,0
2026-02-22,18.46,36876.51,40973.15,0,21.6,55,0.0,5.6,0
2026-02-23,18.05,37181.36,41072.52,2,22.3,53,0.0,4.1,0
2026-02-24,18.67,37126.27,41172.2,0,22.4,52,0.0,4.6,0
2026-02-25,19.27,37605.82,41272.1,0,22.2,48,0.0,5.8,0
2026-02-26,19.21,37550.18,41372.13,0,22.5,45,0.0,7.7,0
2026-02-27,19.22,37761.48,41472.23,4,23.7,42,0.0,5.8,3
2026-02-28,18.38,36774.24,41572.31,36,25.9,41,0.0,5.8,3
2026-03-01,19.54,38448.28,41672.28,1,23.9,46,0.0,9.0,1
2026-03-02,19.56,38392.4,41772.07,1,23.9,44,0.0,10.2,0
2026-03-03,19.96,38867.61,41871.64,0,24.6,41,0.0,12.1,0
2026-03-04,19.77,38811.65,41971.72,0,25.9,43,0.0,11.3,0
2026-03-05,19.88,39020.27,42072.53,0,27.2,47,0.0,11.6,0
2026-03-06,20.16,39492.98,42174.0,0,27.0,46,0.0,6.1,0
2026-03-07,20.17,39700.5,42276.06,0,27.6,53,0.0,4.1,0
2026-03-08,20.29,39907.45,42378.62,8,28.3,47,0.0,5.7,3
2026-03-09,20.12,37738.76,42481.62,35,28.0,49,0.0,6.9,3
2026-03-10,20.23,39266.13,42584.99,20,28.6,51,0.0,3.7,3
2026-03-11,20.96,41054.0,42688.65,28,28.7,39,0.0,7.3,3
2026-03-12,19.79,37310.1,42792.53,80,28.3,33,0.0,8.0,3
2026-03-13,18.91,39097.57,42896.55,83,27.0,44,0.0,9.2,3
2026-03-14,18.26,37768.89,43000.65,57,26.8,35,0.0,6.8,3
2026-03-15,18.7,35601.96,43104.76,47,23.1,56,2.6,11.3,61
2026-03-16,20.17,42085.58,43208.81,29,23.3,50,0.3,11.1,51
2026-03-17,20.93,41504.45,43312.73,58,24.2,50,0.0,5.8,3
2026-03-18,19.7,39167.82,43416.43,67,24.1,57,3.7,5.5,61
2026-03-19,14.63,29563.13,43519.86,83,22.1,66,3.4,8.0,63
2026-03-20,9.34,15977.24,43622.95,73,18.0,86,2.8,5.1,53
2026-03-21,19.9,30611.09,43725.62,71,19.7,77,0.0,5.0,3
2026-03-22,21.51,43054.35,43827.8,26,21.7,66,0.0,6.7,3
2026-03-23,13.28,22866.01,43929.46,59,21.9,70,9.6,5.3,63
2026-03-24,21.75,43200.0,44031.26,8,23.5,64,0.0,6.5,2
2026-03-25,22.47,43058.34,44133.42,37,24.9,50,0.0,5.8,3
2026-03-26,18.96,36210.29,44235.86,66,27.7,43,0.0,6.3,3
2026-03-27,17.63,39337.02,44338.55,46,25.7,49,0.6,7.6,53
2026-03-28,21.72,42558.37,44441.39,53,27.1,44,0.0,5.5,3
2026-03-29,19.13,41422.95,44544.34,62,28.1,47,0.0,7.7,3
2026-03-30,18.59,31551.14,44647.31,93,26.9,50,0.2,8.2,51
2026-03-31,18.31,37255.8,44750.26,74,26.2,54,0.3,4.9,51
2026-04-01,18.98,36394.27,44853.12,65,26.4,51,0.0,4.4,3
2026-04-02,17.86,37683.9,44955.8,56,28.3,47,0.0,4.7,3
2026-04-03,16.75,28234.61,45058.26,92,25.8,54,0.4,8.9,51
2026-04-04,16.62,24688.85,45160.42,94,24.5,64,2.3,4.7,61
2026-04-05,19.65,39329.78,45262.21,28,24.3,57,0.9,5.3,53
2026-04-06,22.28,41959.29,45363.57,12,25.9,39,0.0,6.5,1
2026-04-07,12.71,24974.5,45464.42,72,22.7,57,8.4,8.6,61
2026-04-08,20.51,33854.59,45564.69,41,20.4,73,4.1,6.6,55
2026-04-09,22.18,41876.52,45664.31,8,22.6,61,0.0,6.2,1
2026-04-10,24.02,43200.0,45763.22,0,24.8,43,0.0,12.5,0
2026-04-11,21.17,42081.83,45861.32,29,27.6,33,0.0,10.3,3
2026-04-12,24.13,43180.61,45958.59,4,28.6,31,0.0,9.1,1
2026-04-13,24.4,43200.0,46055.66,18,28.6,28,0.0,9.1,3
2026-04-14,23.88,42860.73,46152.73,6,30.7,25,0.0,7.1,1
2026-04-15,24.57,43200.0,46249.73,4,31.7,22,0.0,8.1,1
2026-04-16,24.02,40178.39,46346.6,51,33.0,22,0.0,5.6,3
2026-04-17,18.32,40065.5,46443.27,68,32.5,25,0.0,7.7,3
2026-04-18,24.03,42982.39,46539.67,40,32.7,29,0.0,6.1,3
2026-04-19,21.47,38213.08,46635.73,64,33.5,22,0.0,8.0,3
2026-04-20,23.31,42690.62,46731.37,9,33.0,22,0.0,9.8,3
2026-04-21,24.39,42808.92,46826.53,3,32.8,18,0.0,11.1,1
2026-04-22,24.51,42753.96,46921.14,11,33.5,21,0.0,9.5,3
2026-04-23,24.33,42531.33,47015.1,0,34.2,18,0.0,9.0,0
2026-04-24,22.72,40140.38,47108.36,19,34.8,23,0.0,6.6,3
2026-04-25,20.88,38188.41,47200.83,40,35.7,23,0.0,9.3,3
2026-04-26,20.98,38986.18,47292.43,32,35.5,23,0.0,9.8,3
2026-04-27,23.3,41688.1,47383.08,56,35.6,22,0.0,10.2,3
2026-04-28,20.35,35455.47,47472.7,57,33.2,31,0.0,7.5,3
2026-04-29,20.36,34336.44,47561.21,48,31.9,37,0.0,5.8,3
2026-04-30,21.34,41415.23,47648.51,21,30.8,41,0.9,8.4,53
2026-05-01,23.38,41846.85,47734.53,9,29.2,49,0.0,8.3,3
2026-05-02,21.54,40279.77,47819.21,19,31.4,42,2.3,8.1,61
